rms,peak,p2p,kurtosis,skewness,crest_factor,label
0.07325644879367166,0.27286892307692306,0.4906633846153846,-0.04582380725790891,-0.13732180841741556,3.7248450828604067,Normal
0.07450710983986383,0.27286892307692306,0.48523938461538463,-0.11633848943581171,-0.010098870031259808,3.6623205981736917,Normal
0.07903500998776483,0.22676492307692306,0.4497747692307692,-0.18457978069835645,-0.06234781547794234,2.869170550013568,Normal
0.07791642496821381,0.22676492307692306,0.4497747692307692,-0.15065664928791156,-0.10381923541383473,2.9103609819037812,Normal
0.07433775179771179,0.21925476923076925,0.421403076923077,-0.2217597461214953,0.0259600825706796,2.9494404112113353,Normal
0.0729911553957015,0.2492953846153846,0.46855015384615384,-0.1796156457148057,-0.02194258698099771,3.415419077337496,Normal
0.07368834391955426,0.2492953846153846,0.4967132307692308,-0.06903485417689437,-0.14753546467773282,3.383104726678903,Normal
0.07314638411017783,0.24741784615384615,0.4629175384615385,0.019776821117018617,-0.13228631129541177,3.382502760234454,Normal
0.07211185268916011,0.22467876923076924,0.4282873846153846,-0.20560065019250162,-0.08345110709392911,3.1156981945707667,Normal
0.07049896605984393,0.22467876923076924,0.41264123076923076,-0.19814862824187385,-0.058479258863780345,3.1869796365530787,Normal
0.07266614145569184,0.208824,0.40805169230769234,-0.10070909639474657,-0.14113279966423087,2.8737455411380335,Normal
0.07279441313670793,0.208824,0.40805169230769234,-0.23408650664804576,-0.16063967135103116,2.8686816886321824,Normal
0.07166682630573706,0.23677846153846152,0.4526953846153846,-0.18993833126430992,-0.10265323035996105,3.3038781503780217,Normal
0.07293988665090212,0.23677846153846152,0.4526953846153846,-0.18765458612951758,-0.07432998210560983,3.2462137303792074,Normal
0.07243872524010757,0.21967199999999998,0.4061741538461538,-0.29292266786107257,-0.04644471570872234,3.0325216142590663,Normal
0.07286423725784501,0.21967199999999998,0.4065913846153846,-0.31626470147015073,-0.1047661438093492,3.014812317634585,Normal
0.07426014848654501,0.21049292307692305,0.41660492307692304,-0.3860566299415993,-0.05782197532282047,2.8345340989327763,Normal
0.07495101564690124,0.2482523076923077,0.45874523076923074,-0.32731182347461596,-0.05884939826321826,3.312194044999194,Normal
0.07127932100709587,0.2482523076923077,0.4345458461538461,-0.24889797338631814,-0.09138705427011778,3.4828096590257096,Normal
0.07392678082655059,0.23823876923076923,0.45791076923076923,-0.16604472863743247,-0.017295309971774923,3.2226314546244446,Normal
0.07458349659635476,0.23823876923076923,0.45791076923076923,-0.17652053398837797,-0.06607348469674698,3.194255835444608,Normal
0.07273361441366988,0.21716861538461538,0.4159790769230769,-0.3467627785639751,-0.1187657550445193,2.985808104482152,Normal
0.07403313923718553,0.21716861538461538,0.425784,-0.32247768164176405,-0.060116555060430454,2.933397362616976,Normal
0.07285535844163563,0.20861538461538462,0.41493599999999997,-0.3259438729097952,-0.09064971793092415,2.8634185470723645,Normal
0.07484937491564357,0.21842030769230766,0.4266184615384615,-0.278472148121403,-0.15881393832589702,2.918131352980179,Normal
0.07555871667051986,0.21842030769230766,0.4266184615384615,-0.3601357585701783,-0.1077093154072026,2.890736070131363,Normal
0.07591204526850796,0.2090326153846154,0.4101378461538462,-0.4538303682198723,-0.12921532702385147,2.7536159070045816,Normal
0.07351290419808884,0.28663753846153844,0.5182006153846154,0.0012347064068554126,-0.15958789801111758,3.899145892660711,Normal
0.07078187250846599,0.28663753846153844,0.5182006153846154,-0.012873752903886704,-0.08503685665157315,4.049589652029264,Normal
0.07070788121530219,0.21696000000000001,0.42223753846153844,-0.33744489643935927,-0.1091616058042976,3.068399112955555,Normal
0.07277435470177654,0.2207150769230769,0.42599261538461536,-0.3526570517335377,-0.12030843479857223,3.0328688976707463,Normal
0.0733132472326816,0.2207150769230769,0.4410129230769231,-0.3149771897767719,-0.07214490181917593,3.0105756497536027,Normal
0.0717024986819821,0.22029784615384615,0.42891323076923077,-0.24974125011367576,-0.05017820029987689,3.072387297560163,Normal
0.07406723443433999,0.22780799999999998,0.4272443076923077,-0.35093750038039984,-0.06369878710583007,3.075691994439862,Normal
0.07302179006072322,0.22780799999999998,0.4272443076923077,-0.29079872201986845,-0.07363637716761186,3.1197263147145553,Normal
0.0712846396661344,0.23093723076923076,0.4493575384615384,-0.18697633451009477,-0.06499451168681993,3.239649268774286,Normal
0.07362100689199917,0.24011630769230768,0.4585366153846153,-0.2092389842166047,-0.09073388654217877,3.2615189309289727,Normal
0.07382890904849945,0.24011630769230768,0.4652123076923077,-0.24354933496898656,-0.019324741771604332,3.2523344958892895,Normal
0.07130883007100852,0.225096,0.4132670769230769,-0.26403643227786366,0.03302106853795072,3.156635717846611,Normal
0.07255685363702137,0.2526332307692308,0.46124861538461537,-0.22060735636478457,0.007567596098822396,3.4818658487187673,Normal
0.0739495958760727,0.2526332307692308,0.46124861538461537,-0.23831227660186993,0.030225682158107506,3.4162895385202963,Normal
0.0734313938868372,0.24866953846153847,0.4704276923076923,-0.12679433044179333,0.040627919924560246,3.3864199669797257,Normal
0.07358844755010466,0.24866953846153847,0.4704276923076923,0.01297587935906952,-0.023794464346167367,3.379192614332911,Normal
0.07277704660928044,0.22467876923076924,0.425784,-0.16569412233256386,6.445296926855358e-06,3.0872202115731153,Normal
0.07524466839278834,0.25367630769230765,0.45770215384615376,-0.12599494180206516,0.07565540149469636,3.3713525903002144,Normal
0.07464817728705865,0.25367630769230765,0.45770215384615376,-0.10914638786914299,-0.013428366864023874,3.3982920536264203,Normal
0.0750072037528451,0.2436627692307692,0.46437784615384614,-0.25424222075139813,-0.05213521457831165,3.248524902136841,Normal
0.07577240393134649,0.31125415384615385,0.5319692307692307,-0.01013117285655829,0.08196972694548459,4.107750812923467,Normal
0.0751859343205781,0.31125415384615385,0.5223729230769231,-0.05507403535255451,0.08392273975477357,4.139792324971677,Normal
0.07294314359506916,0.2330233846153846,0.44414215384615385,-0.23408672448811663,-0.0486446601101576,3.194589280508286,Normal
0.0708472705995201,0.2526332307692308,0.47313969230769226,-0.01552822668954823,-0.0779666112551666,3.565885158756448,Normal
0.07315044003495093,0.2526332307692308,0.47313969230769226,-0.09007606127435075,-0.045611923365173605,3.4536119078507777,Normal
0.07189908558450735,0.22864246153846152,0.4326683076923077,-0.33295409271567555,-0.027621378710507554,3.1800468626228104,Normal
0.07092767075048445,0.20527753846153846,0.4093033846153846,-0.36297170572135506,0.03853641808434056,2.8941813017331657,Normal
0.07124449083990013,0.21716861538461538,0.4337113846153846,-0.23750755402969226,0.08216044344544655,3.0482162595931017,Normal
0.07186472596938737,0.27140861538461536,0.4948356923076923,-0.09550691452375748,0.07098591335576539,3.7766597134208633,Normal
0.07296909242430963,0.27140861538461536,0.4948356923076923,0.0874022277808355,0.15721116141887637,3.7195010430771873,Normal
0.0743816024991088,0.2601433846153846,0.4531126153846154,-0.07225724603929873,0.13404791759812654,3.4974157032782602,Normal
0.07246702074109333,0.26452430769230767,0.4973390769230769,-0.010910352388599165,-0.06877747498516522,3.6502715992339096,Normal
0.07220697248337878,0.26452430769230767,0.4837790769230769,0.002963628133424212,-0.11127528586602825,3.6634177918648807,Normal
0.0729779269741688,0.2330233846153846,0.4282873846153846,-0.19207149814073476,0.022737477970469978,3.1930666473694895,Normal
0.07042709611629526,0.2330233846153846,0.4170221538461538,-0.272216419083394,0.013481280303483556,3.3087177729235977,Normal
0.07081366039628913,0.2205064615384615,0.41013784615384613,-0.24701253820494484,0.03395071795369287,3.1138972382511776,Normal
0.0731439106162981,0.2205064615384615,0.4272443076923077,-0.13390549759862758,-0.02819295853115441,3.01469335834674,Normal
0.07483312180507502,0.2261390769230769,0.4389267692307692,-0.17460456845053685,-0.08968708926441978,3.0219115742908995,Normal
0.07206815495376515,0.2261390769230769,0.4389267692307692,-0.15155140862480287,-0.0006065583902400954,3.1378502345197394,Normal
0.07039759084988641,0.19797599999999999,0.3790541538461538,-0.3510752699820783,0.02537313386085335,2.812255328767681,Normal
0.07289493080007312,0.2369870769230769,0.4545729230769231,-0.1764307207194089,0.056568252281562204,3.2510776033666144,Normal
0.07412719547556905,0.2369870769230769,0.4545729230769231,-0.015213404337873992,0.004534809477122999,3.1970328217959287,Normal
0.07251302859232843,0.22467876923076924,0.4253667692307692,-0.3364352547510556,-0.026929169071300475,3.0984606986135357,Normal
0.07073340854840486,0.2303113846153846,0.43892676923076923,-0.3155732821867421,-0.00540442695995743,3.2560481580323684,Normal
0.0740605654812702,0.2303113846153846,0.45624184615384616,-0.10885235289825879,0.010548526965433715,3.109770808779876,Normal
0.07294385486237892,0.22593046153846155,0.4341286153846154,-0.23698631270091441,0.017602631495359185,3.097320013655956,Normal
0.07232466024446088,0.22780799999999998,0.44768861538461535,-0.23603415664162153,-0.06118255023666144,3.1497970295331887,Normal
0.07225477481838465,0.22780799999999998,0.44768861538461535,-0.20668982995937668,-0.07214194512391314,3.1528435397190675,Normal
0.0713496262200351,0.24616615384615384,0.4485230769230769,-0.2881661032772751,-0.04292973468241748,3.4501393614453155,Normal
0.07064597157522767,0.24616615384615384,0.4485230769230769,-0.02739447762463154,-0.09437186999137737,3.484503763728732,Normal
0.06964167910695954,0.24595753846153845,0.46708984615384613,-0.05738213714981155,-0.04244086987713962,3.531757729215335,Normal
0.0722293422428201,0.24595753846153845,0.46208307692307693,-0.32287247658304485,-0.024063061608815023,3.405230212877754,Normal
0.07194414267704458,0.200688,0.3951175384615384,-0.36756721985899166,-0.04631299683061921,2.7894974146941096,Normal
0.0713270824529518,0.200688,0.3865643076923077,-0.40059741881635214,-0.07590032072409625,2.8136297335920926,Normal
0.07234060626335617,0.2125790769230769,0.3913624615384615,-0.3853219467680664,-0.052756418706666745,2.938585780566757,Normal
0.07288400840542618,0.22572184615384616,0.43830092307692303,-0.3179064389015216,-0.021432132674805548,3.097000989548227,Normal
0.07422286925252414,0.23281476923076924,0.45853661538461543,-0.3658933827578075,-0.02088397938389449,3.1366985886610923,Normal
0.07597939550210317,0.23281476923076924,0.43162523076923076,-0.4466763512183576,0.018176553028637334,3.0641829629234776,Normal
0.07349272943856465,0.22864246153846152,0.4362147692307692,-0.3625561230461982,-0.017089316527992508,3.1110895361369373,Normal
0.07214574498580857,0.2209236923076923,0.428496,-0.39604205183169183,-0.04974244234721793,3.0621860284504523,Normal
0.07308007707490488,0.254928,0.44393353846153844,-0.4002403361953841,-0.03163854350962843,3.488337864486739,Normal
0.07419094539665526,0.254928,0.4487316923076923,-0.3818488134742628,-0.021570652459781316,3.436106638580358,Normal
0.07421666610886603,0.20715507692307691,0.4053396923076923,-0.3828422728285181,-0.07779034212827107,2.791220460094608,Normal
0.0721670217102362,0.2628553846153846,0.46104,-0.26017117835316705,-0.033001921050172904,3.642319973668819,Normal
0.0747359547097696,0.2628553846153846,0.45478153846153846,-0.170003812711208,0.05150137268674944,3.5171208508161835,Normal
0.07753687012579619,0.23510953846153848,0.42515815384615385,-0.39528887222291553,0.002976329750385146,3.0322289006519823,Normal
0.0757676471111686,0.24574892307692306,0.46208307692307693,-0.387261225615386,-0.010046621921638622,3.2434545937047874,Normal
0.07338380042530972,0.24574892307692306,0.46208307692307693,-0.2912447826171696,0.006434952130583022,3.3488170638838355,Normal
0.07333560958590675,0.2641070769230769,0.4716793846153846,-0.30499404063258106,-0.011369135282286533,3.601348354699319,Normal
0.07153011688191448,0.2641070769230769,0.4716793846153846,-0.15629389658662918,-0.04294356698030657,3.692250040064637,Normal
0.07059264112153917,0.23072861538461537,0.42453230769230765,-0.36838717296974544,-0.03744525539502693,3.2684513813184934,Normal
0.07167877243394709,0.19380369230769232,0.385104,-0.34737261255209395,-0.0916411390785728,2.703780850687488,Normal
0.07156417184802748,0.19192615384615386,0.382392,-0.3141484304356803,-0.10273528664430977,2.6818748668499253,Normal
0.0704005808561356,0.21007569230769232,0.3934486153846154,-0.3736738657039185,-0.04944690932427202,2.984005099858259,Normal
0.06899138462963796,0.21007569230769232,0.3934486153846154,-0.36280901651509856,0.005994719033500949,3.044955445312893,Normal
0.0710190479093831,0.2127876923076923,0.42077723076923074,-0.4075094852847374,-0.011358506475132677,2.996205927446383,Normal
0.07035230066954958,0.2127876923076923,0.4178566153846154,-0.29365159412826136,-0.006459553952678163,3.0246017583301676,Normal
0.0702919059571272,0.21800307692307694,0.40533969230769235,-0.32414240959678997,-0.04280370064691763,3.101396582645554,Normal
0.07051284669327296,0.21800307692307694,0.40533969230769235,-0.41530127711048914,-0.10026338370777477,3.0916788521016385,Normal
0.07257535871819004,0.23761292307692305,0.43809230769230767,-0.32689075651281074,0.0544705587886661,3.2740165157098775,Normal
0.07377249279089124,0.23761292307692305,0.43809230769230767,-0.2785404080852496,0.06625787346316776,3.220887814519687,Normal
0.07059187064257373,0.2207150769230769,0.41201538461538456,-0.24042456493541664,-0.0965689025205249,3.1266358989212613,Normal
0.07086038067084803,0.2355267692307692,0.4211944615384615,-0.2527091853740955,-0.01586609412193465,3.3238146196929046,Normal
0.07079740167326909,0.2355267692307692,0.42745292307692306,-0.1801485988392333,0.04562926690878948,3.3267713738666322,Normal
0.07327665047181488,0.24866953846153847,0.4839876923076923,-0.013745130631026559,0.02661564600404705,3.3935713062810735,Normal
0.07253339923850567,0.24866953846153847,0.4839876923076923,-0.011884473832397102,0.08325189165659136,3.4283453012295575,Normal
0.07063793619528518,0.2194633846153846,0.43663199999999996,-0.16012852769727637,-0.00838060014927847,3.106877075353073,Normal
0.07367118119624048,0.24199384615384617,0.4591624615384615,-0.16880765372512974,-0.053030206402298864,3.284783034891741,Normal
0.0755335092227578,0.24199384615384617,0.46437784615384614,-0.14603677891310562,-0.102212760903213,3.2037945627572517,Normal
0.0758290879614253,0.235944,0.45832799999999996,-0.1869878523480315,-0.12437821051628199,3.111523642748098,Normal
0.07216777360581414,0.235944,0.4362147692307692,-0.3085019568553884,-0.06459108884062115,3.269381722772051,Normal
0.07107432235377979,0.22843384615384613,0.43663199999999996,-0.15765265433670628,-0.052877152924944285,3.214013705495397,Normal
0.07290598913413918,0.2371956923076923,0.46562953846153843,0.012946898408915608,-0.0012871323441947904,3.25344591198506,Normal
0.07280626487592556,0.2371956923076923,0.4577021538461538,-0.13363541268318802,-0.02365358253725402,3.257902224649413,Normal
0.07201608099515869,0.2205064615384615,0.4332941538461538,-0.2459490226069705,-0.038242843325521324,3.0619058756236006,Normal
0.07424066453478556,0.21132738461538458,0.42161169230769224,-0.2365774403755374,-0.04155177748718393,2.8465179553500204,Normal
0.07589625534069405,0.21132738461538458,0.42161169230769224,-0.36121630603073207,-0.1040405125186746,2.784424391779907,Normal
0.07383765640769914,0.20298276923076922,0.38677292307692307,-0.5603071147643579,-0.08872296535799479,2.749041330753883,Normal
0.07161304110061933,0.20527753846153846,0.4080516923076923,-0.47272958897369355,-0.040574812917003766,2.86648263090957,Normal
0.07451436737200814,0.20527753846153846,0.4080516923076923,-0.44563321868567485,0.030465435573570187,2.7548719220375806,Normal
0.07606516993241803,0.24595753846153845,0.43475446153846153,-0.39228406233546353,0.027325186843113736,3.233510668287016,Normal
0.07335556756349136,0.24595753846153845,0.4504006153846154,-0.2740652260197698,-0.0009486667979390958,3.352949839133275,Normal
0.07515720010130306,0.2205064615384615,0.42494953846153843,-0.4435267816561064,-0.05881206361088127,2.933936618730405,Normal
0.07495579027153415,0.19839323076923077,0.39303138461538456,-0.4828432035407806,-0.05202931191451555,2.6468032696411217,Normal
0.07436127234839385,0.1940123076923077,0.38531261538461536,-0.5286964650455057,-0.038321588457252705,2.609050404400433,Normal
0.07316021658663868,0.1942209230769231,0.3882332307692308,-0.46818260948600177,-0.0945049215538544,2.654734118329467,Normal
0.07437852168198457,0.22676492307692306,0.42098584615384615,-0.37886327426921884,-0.016771352727003842,3.048795780675598,Normal
0.07514841192981542,0.2507556923076923,0.4775206153846153,-0.30245552661153763,-0.08052329955672287,3.336806272657959,Normal
0.0732034075778718,0.2507556923076923,0.46562953846153843,-0.3111887652616505,-0.16411604643764074,3.425464750953638,Normal
0.07608143524133636,0.2561796923076923,0.4725138461538461,-0.29768487161253,-0.02908602389701206,3.3671774394774485,Normal
0.07649335151836413,0.2561796923076923,0.4725138461538461,-0.2629635611857255,0.0009808078988472735,3.34904520749349,Normal
0.07408567260625668,0.21174461538461536,0.40575692307692307,-0.4266808520857919,-0.09473943782231666,2.858104785117833,Normal
0.07496977232339147,0.2075723076923077,0.40909476923076926,-0.44915896781181663,-0.09375107771409241,2.768746672951315,Normal
0.07917422898535767,0.26535876923076923,0.4746,-0.3562223145345511,-0.011520020142203182,3.351580086493096,Normal
0.0775549364775451,0.26535876923076923,0.4746,-0.2524865346318834,-0.05227768318330586,3.421558720605747,Normal
0.07665586541052027,0.238656,0.43475446153846153,-0.36946230050080864,-0.07536124243697094,3.1133429741078467,Normal
0.0774759647358552,0.238656,0.4449766153846154,-0.3771545852558895,-0.058876356719267865,3.080387586184546,Normal
0.0768444015684553,0.23531815384615382,0.43809230769230767,-0.35205020046051283,-0.12051850705114919,3.0622680252968766,Normal
0.07590283579802505,0.23531815384615382,0.43225107692307685,-0.4459377453453759,-0.09119416719367969,3.100255100775519,Normal
0.07514670224525676,0.24574892307692306,0.4566590769230769,-0.28355763297682746,-0.07234598846109215,3.2702555898576997,Normal
0.07595037139470802,0.24574892307692306,0.4566590769230769,-0.31709946505159126,-0.13745011312242966,3.2356513676514567,Normal
0.07421102039807237,0.23135446153846154,0.41869107692307694,-0.35575293160713795,-0.0385654097405448,3.1175216335452918,Normal
0.07563241683039428,0.23844738461538462,0.44309907692307693,-0.24590378680346126,0.036671428382897706,3.15271406902285,Normal
0.07567004814588843,0.23844738461538462,0.4539470769230769,-0.21838834459811096,-0.03681028537527628,3.151146199294982,Normal
0.0740636530687298,0.22634769230769228,0.4418473846153846,-0.2531508127742592,-0.020090336166463756,3.0561237925659093,Normal
0.07437681215697951,0.23615261538461538,0.4445593846153846,-0.32867414670993567,0.018677493203467163,3.1750838539058686,Normal
0.07482811912194651,0.23677846153846152,0.4451852307692308,-0.08968862754283258,0.034764116615797466,3.1642979179068558,Normal
0.0747420893095719,0.23677846153846152,0.44956615384615384,-0.07452118328465485,0.021329520506657002,3.1679400954093793,Normal
0.07328298711979271,0.22822523076923076,0.4410129230769231,-0.1191518372016116,-0.11466916432177161,3.114300327252767,Normal
0.07452108026294448,0.24428861538461538,0.45248676923076925,-0.06295229044818695,-0.11897060461955948,3.2781142533448704,Normal
0.07744247958395996,0.24428861538461538,0.47501723076923075,-0.08829332161622538,-0.08784215854244398,3.154452397405066,Normal
0.07557527430761361,0.25847446153846154,0.4892030769230769,-0.022222891400103695,-0.08261830994945696,3.4200929325958436,Normal
0.07207634075206153,0.25847446153846154,0.4731396923076923,0.008012225970892128,0.06262755139571867,3.5861207553196803,Normal
0.07558948305889482,0.2453316923076923,0.4650036923076923,-0.08299129379113657,-0.0312686270408305,3.2455797073852786,Normal
0.07710764128028298,0.23052,0.450192,-0.16977166987115488,-0.12250423484927361,2.9895869744228025,Normal
0.07456382838892175,0.21508246153846153,0.42411507692307693,-0.2842710229246679,-0.07145761392161849,2.88454155568033,Normal
0.07358515000400218,0.2090326153846154,0.39657784615384617,-0.3559836071825093,-0.06978095279282658,2.8406902122676443,Normal
0.07337278905220876,0.22426153846153846,0.43934399999999996,-0.2597289489845038,-0.06973589180029328,3.0564674092184787,Normal
0.07742291475394644,0.2436627692307692,0.46792430769230764,-0.2115848189706453,-0.06229545563665839,3.1471660554906853,Normal
0.07746588905393764,0.2436627692307692,0.45728492307692303,-0.17960423323368868,-0.017155314489258517,3.145420161138442,Normal
0.07453292558607738,0.21862892307692305,0.428496,-0.2087164023419592,-0.009838206646239087,2.933320024107071,Normal
0.07205866801809463,0.21862892307692305,0.42870461538461535,-0.35463748496371617,-0.010539409947579237,3.0340405823491383,Normal
0.0723138319987841,0.25951753846153847,0.49045476923076925,-0.02373627919011323,0.014837024233799003,3.588767615936907,Normal
0.07228028517437937,0.25951753846153847,0.49045476923076925,0.11832611516735358,-0.04041870256472896,3.5904332396509084,Normal
0.07423228027438243,0.2290596923076923,0.444768,-0.30353179373452743,-0.031669159933283404,3.0857154254325234,Normal
0.0740907579734369,0.23010276923076922,0.44706276923076926,-0.26587468670445347,-0.028783352842155076,3.1056878823302894,Normal
0.07250829870375591,0.233232,0.45019200000000004,-0.03988512931469268,-0.12361162030106651,3.2166249128655755,Normal
0.07621795894380862,0.233232,0.44414215384615385,-0.27445412354380805,-0.09720629061018043,3.0600662000401946,Normal
0.07169462691629927,0.21320492307692307,0.398664,-0.35100831553454315,-0.055032740983274965,2.9737922107584387,Normal
0.07222602736661934,0.25534523076923077,0.4668812307692307,-0.15789586109963416,-0.13229129361498587,3.535363082799754,Normal
0.07421774755549863,0.25534523076923077,0.4668812307692307,-0.17750416587195872,-0.11763317469997453,3.4404874734077375,Normal
0.07229576319267739,0.2090326153846154,0.40575692307692307,-0.29235101853186896,-0.09244859799998327,2.8913536029423597,Normal
0.07300430995983034,0.27328615384615385,0.513611076923077,-0.02927286970863685,-0.19900647796728063,3.7434249292476833,Normal
0.0778922476135969,0.27328615384615385,0.513611076923077,-0.04779181175890779,-0.12902747278068122,3.508515445617324,Normal
0.07870112359735724,0.22718215384615387,0.43955261538461543,-0.32798464147242035,-0.08070974184184013,2.886644350955398,Normal
0.07277260544871651,0.20944984615384615,0.417648,-0.3041190495981305,-0.180598533777776,2.8781413673782406,Normal
0.07502202131151309,0.25847446153846154,0.48982892307692305,-0.10153859893550177,-0.08977659169296393,3.445314549246827,Normal
0.07604159389369042,0.25847446153846154,0.48982892307692305,-0.09059784311722519,-0.06429321967110167,3.3991194595397425,Normal
0.07481930195375194,0.21654276923076923,0.43120800000000004,-0.27492294240973036,-0.07522334312878877,2.8942099642231467,Normal
0.07378739414165271,0.21654276923076923,0.41493599999999997,-0.2608337489630048,-0.03781818989326075,2.934685141679663,Normal
0.07358450124877314,0.23093723076923076,0.449148923076923,-0.25298477946299025,-0.04799834533570181,3.1383949996274674,Normal
0.07453174721144858,0.23093723076923076,0.449148923076923,-0.37607884969406324,-0.03291105849085421,3.0985082117296354,Normal
0.07480143765555838,0.22447015384615385,0.428496,-0.3567177579973726,-0.096832966102043,3.000880208743873,Normal
0.0756197582245937,0.22447015384615385,0.4332941538461539,-0.28467986315568305,-0.11434871473813864,2.968406129777201,Normal
0.07478130177644177,0.241368,0.463752,-0.28494004076389023,0.0017608724617247074,3.2276517560708977,Normal
0.0764556186051299,0.2572227692307692,0.4683415384615385,-0.2700474711505789,-0.019363521806309632,3.364340959154969,Normal
0.07591468399844746,0.2572227692307692,0.4683415384615385,-0.2856775181137041,-0.036494190942915214,3.3883137712333715,Normal
0.07665675249460566,0.22697353846153845,0.43704923076923075,-0.46111000072195996,0.0421065110242026,2.960907305295911,Normal
0.07764821344859459,0.21237046153846154,0.4239064615384615,-0.4488937806588398,-0.0037377463500611404,2.7350334554581486,Normal
0.07575095254682597,0.2561796923076923,0.46855015384615384,-0.3066161611529181,-0.022460203637678852,3.381867602910116,Normal
0.07453193396211791,0.25972615384615383,0.4403870769230769,-0.2843712676729737,0.00040001288778715005,3.484763376436253,Normal
0.07478007289732977,0.25972615384615383,0.46145723076923073,-0.28990038211273905,0.03598319523729338,3.473200062304674,Normal
0.07796909324385913,0.24512307692307692,0.45332123076923075,-0.24136955056029974,0.041683275415790234,3.1438492705875207,Normal
0.07949075277937999,0.24512307692307692,0.46729846153846155,-0.3049905367996315,-0.02194452275076768,3.0836678274188163,Normal
0.0772375711575122,0.23615261538461538,0.45832799999999996,-0.36607348188728794,-0.008177911550199004,3.0574837070293728,Normal
0.07454016292950986,0.22426153846153846,0.436632,-0.32832713479020104,0.0017680972934054125,3.0086000573089047,Normal
0.07613154454463326,0.22655630769230767,0.43892676923076923,-0.4236949657432323,0.008023609794386532,2.9758532950751526,Normal
0.07528589907344636,0.24053353846153847,0.4318338461538461,-0.37522985318430147,0.062412087245586056,3.194934794188778,Normal
0.07528257680196887,0.24866953846153847,0.4424732307692308,-0.2083323676982407,0.00254214010664411,3.3031486039016,Normal
0.07420919562235141,0.24866953846153847,0.4424732307692308,-0.21426745929837265,0.04141067324285573,3.35092620767662,Normal
0.07141719280521294,0.22280123076923075,0.40742584615384614,-0.26890033221736864,0.023268141584017302,3.1197142035099406,Normal
0.07393493085215526,0.23260615384615385,0.45373846153846153,-0.21483470410764305,-0.03302389384253934,3.1460928030255024,Normal
0.07588260544559663,0.23260615384615385,0.45373846153846153,-0.19324006020037565,0.05301757898520624,3.065342214862651,Normal
0.07409041924663162,0.23677846153846152,0.45707630769230767,-0.19138618142608088,0.04379156134688866,3.195804045193417,Normal
0.07318496896579647,0.23677846153846152,0.43579753846153846,-0.28462382433204514,0.023271159926433152,3.235342788067884,Normal
0.07435832186247732,0.24011630769230768,0.4451852307692308,-0.27390503940136,0.030659980857657507,3.2291786807183867,Normal
0.0716829843243278,0.24011630769230768,0.4451852307692308,-0.20353404639107842,0.010822115244476318,3.349697420602743,Normal
0.07408336758375361,0.23364923076923078,0.423072,-0.29989919723471736,0.04924184512962925,3.1538689234811423,Normal
0.07464093433144521,0.2605606153846154,0.4593710769230769,-0.11869774705688707,0.10299887848442647,3.490854150185051,Normal
0.07437552616600467,0.2605606153846154,0.4919150769230769,-0.05562857188757997,-0.015938654752502005,3.5033112209929027,Normal
0.07572260097310585,0.23135446153846154,0.45478153846153846,-0.25293601032639046,-0.024175943773691186,3.05528941908151,Normal
0.07519925811365262,0.23448369230769228,0.45791076923076923,-0.21540013636127453,0.061038677186919264,3.1181649685067994,Normal
0.07540136516137588,0.24741784615384615,0.47084492307692305,-0.08230997279239283,0.05229409214345628,3.2813443844725665,Normal
0.07198905910303788,0.24741784615384615,0.4591624615384615,-0.12308853813235654,0.008334791019383225,3.436881232184424,Normal
0.0708521589115603,0.22342707692307692,0.44122153846153844,-0.203319778116414,-0.10299591357352021,3.1534265201708958,Normal
0.07267029465717763,0.22801661538461537,0.45415569230769226,-0.11868330111836523,-0.06551495104070534,3.1376866773457377,Normal
0.07539977775077407,0.22989415384615383,0.45603323076923075,-0.08437248647731632,-0.011173862666708502,3.0490030700892046,Normal
0.07362153958064377,0.22989415384615383,0.45248676923076925,-0.15447412826903317,-0.017799535269115475,3.1226480070323945,Normal
0.07132008800168597,0.2290596923076923,0.43016492307692306,-0.3073867253542546,0.05222367848911877,3.2117135399815746,Normal
0.07075132986869821,0.2438713846153846,0.47606030769230767,-0.11919300318641035,0.08025863426938859,3.4468805755024845,Normal
0.0722861160751127,0.2438713846153846,0.47606030769230767,-0.20530958368328722,0.0514831022723606,3.373696054744139,Normal
0.07295797112965507,0.21529107692307692,0.4216116923076923,-0.2755552524272118,-0.022104755851132255,2.9508917749436705,Normal
0.0726360099293825,0.24303692307692307,0.43809230769230767,-0.13994853337177648,-0.11074789305161567,3.345956410783111,Normal
0.07437144861902521,0.24303692307692307,0.4526953846153846,-0.2764286780846561,-0.031732795950160195,3.267879375617688,Normal
0.07293975554853491,0.22467876923076924,0.4360061538461538,-0.24157065801669875,-0.04195287876707813,3.0803334552069557,Normal
0.0736858035434828,0.22467876923076924,0.4368406153846154,-0.22558739710850384,-0.012718509341405953,3.0491459470640616,Normal
0.0735193446269579,0.21654276923076923,0.40262769230769235,-0.36066791237061535,0.022563455934290856,2.9453849232405673,Normal
0.07361099924923185,0.21654276923076923,0.41994276923076923,-0.38315683625238517,-0.07721600939737473,2.9417175617681743,Normal
0.07572616309160628,0.20339999999999997,0.40554830769230765,-0.4418457119403465,-0.021909254648260428,2.6859937397586893,Normal
0.07495180850910965,0.2056947692307692,0.3938658461538461,-0.539821535935642,0.05414575601218109,2.7443603206154665,Normal
0.2887459272559307,1.4827078642714573,2.657926027944112,2.508836861296113,0.1370068063277538,5.134991438190072,Inner race
0.2859281187449172,1.4827078642714573,2.6639361277445115,2.668938856099035,0.14112655109294214,5.185596543564202,Inner race
0.2831431904681194,1.203806746506986,2.38503500998004,2.4004803254843523,0.11064314850137756,4.251582898803737,Inner race
0.2833093745034747,1.2941206786427144,2.4664150099800395,2.2543945126595926,0.09605866691929912,4.567871009954323,Inner race
0.29033526703492185,1.5645751696606787,2.736869500998004,2.4959365068350063,0.11769635597499489,5.388856771135867,Inner race
0.29310696430331334,1.5657122155688623,2.6860273053892216,2.7816316239615757,0.16970188997898952,5.34177759743924,Inner race
0.29089437817779223,1.5657122155688623,2.720625988023952,2.680114378035797,0.08777098210582003,5.382407956374846,Inner race
0.29245696387664283,1.5558036726546904,2.71071744510978,2.6600154429093177,0.09836485181749823,5.319769623645967,Inner race
0.2922749220849395,1.5558036726546904,2.7659453892215566,2.727599917144193,0.12910363237762798,5.323083012241982,Inner race
0.28703520505125285,1.5845546906187624,2.7946964071856284,2.9013089696073955,0.15069430372094691,5.52041931698178,Inner race
0.2871894672141099,1.5845546906187624,2.733458363273453,2.782621074996082,0.15658150915469024,5.517454055644112,Inner race
0.2870275352257317,1.5072355688622756,2.6655604790419165,2.457611573974063,0.11343908466363056,5.251188070429953,Inner race
0.2880099591833607,1.511134011976048,2.6694589221556884,2.410890119112442,0.13875966431493536,5.246811659780101,Inner race
0.292388804078607,1.511134011976048,2.723549820359281,2.2339364448433807,0.12443411575426697,5.1682348670566345,Inner race
0.2901126769646233,1.4927788423153694,2.705194650698603,2.339403322861795,0.1596935248423906,5.14551400488232,Inner race
0.2884379985378011,1.4927788423153694,2.5861297005988026,2.228610828390214,0.15269696737603158,5.17538899133546,Inner race
0.2899492947897442,1.3608815169660677,2.454232375249501,2.0001792362855753,0.1385160793880616,4.693515526405769,Inner race
0.2917500839681964,1.4284545309381238,2.5172572055888223,1.9770128421329867,0.12295384014025679,4.896158079919659,Inner race
0.29382240917309904,1.4373884630738523,2.6052970459081837,2.0360250766656742,0.1409878763162516,4.892031438715235,Inner race
0.2912910332691741,1.4373884630738523,2.631773972055888,2.025826578077889,0.11332779953536362,4.934544146251151,Inner race
0.28762827319906015,1.3126382834331338,2.50702379241517,1.9114734207689557,0.10756550079628263,4.563662218716206,Inner race
0.28896615343685833,1.3126382834331338,2.4139484630738526,2.051928889918214,0.17725048914808894,4.54253298464575,Inner race
0.2915685513734226,1.3054911377245508,2.4068013173652694,2.1042994732797675,0.1553665469064178,4.477475816836502,Inner race
0.29283004507959465,1.5044741716566867,2.7399557684630738,2.1699739257018207,0.13614122451550104,5.137704265447738,Inner race
0.29685314778949196,1.5044741716566867,2.7399557684630738,2.22286667111299,0.1288971749596081,5.068075521043682,Inner race
0.296943973139581,1.4734490618762475,2.5939265868263472,2.1413220902508394,0.17866169430282278,4.9620440054651,Inner race
0.2917618505961611,1.4872560479041916,2.6684843113772456,1.9954043042254561,0.14696586229121508,5.097500049664685,Inner race
0.2967268553308572,1.4872560479041916,2.6684843113772456,1.9496701233167286,0.13261223463730434,5.0122057413572065,Inner race
0.29738763390284634,1.3729017165668662,2.524079481037924,1.8685533842952262,0.154534441209399,4.616539358241708,Inner race
0.2961935202953386,1.3729017165668662,2.524079481037924,1.9214648244752786,0.11733349284409408,4.63515108364939,Inner race
0.2947436367147191,1.4076628343313373,2.5222926946107784,2.0289812500816886,0.10280533279132781,4.775888802966109,Inner race
0.2939386453421906,1.6389704590818364,2.798757285429142,2.404409639946664,0.13380755706595027,5.575893081951909,Inner race
0.2945581401927038,1.6389704590818364,2.798757285429142,2.412988965674699,0.13681827027769006,5.564166238996486,Inner race
0.2902808384199903,1.5653873453093812,2.703570299401197,2.499981848480526,0.13009685684069064,5.3926650957391615,Inner race
0.292032023718802,1.5653873453093812,2.703570299401197,2.808285543153289,0.18702575627200374,5.3603276975428376,Inner race
0.29213402000545524,1.6258132135728545,2.800868942115769,2.89248575128034,0.15404050976950096,5.565299151199489,Inner race
0.2911434439678793,1.6258132135728545,2.800868942115769,2.936952830258127,0.12129805626831935,5.584234325922943,Inner race
0.28938183423652997,1.4585050299401197,2.6044848702594807,2.3813685207439423,0.12448083069456799,5.040071135729936,Inner race
0.29051159344558886,1.601935249500998,2.7141285828343316,2.5590907607033246,0.1922953296524956,5.5141869916493755,Inner race
0.2917815531796964,1.601935249500998,2.687164351297405,2.456132010904847,0.1793789890607845,5.4901868608343145,Inner race
0.2947989008508647,1.7026450299401197,2.997253013972056,2.5116668300711984,0.1479437272237511,5.77561525848927,Inner race
0.2890892142799646,1.7026450299401197,2.997253013972056,2.8062270028795853,0.18857321611257874,5.889687147896206,Inner race
0.28757749933181626,1.6513155289421158,2.7401182035928144,2.73297858519903,0.1988823365440371,5.7421583148157715,Inner race
0.29416595194566497,1.6513155289421158,2.7536003193612775,2.614692879973693,0.16777508163227878,5.613550847812354,Inner race
0.2938895132774214,1.6150924950099799,2.7173772854291416,2.30149155663078,0.14034190726202217,5.495577154144282,Inner race
0.29146464740252015,1.6150924950099799,2.668646746506986,2.3485729976686347,0.19862430361701938,5.54129809362264,Inner race
0.2934045528006162,1.6638230339321358,2.765133213572854,2.5081716865842196,0.17323048974842642,5.670747157978802,Inner race
0.29314431619144926,1.6638230339321358,2.765133213572854,2.6170735280008772,0.14912703321500193,5.6757813200973395,Inner race
0.2905900469163778,1.4089623153692614,2.510434930139721,2.479301135703026,0.13415276494652495,4.848625513229344,Inner race
0.2951074226714305,1.4089623153692614,2.510434930139721,2.1606885100071223,0.12721887516010874,4.774404867945274,Inner race
0.293689175061692,1.5579153293413173,2.7011337724550897,2.3588376588572055,0.1512579627370752,5.30463994464237,Inner race
0.290703434005761,1.5579153293413173,2.7011337724550897,2.463511949859199,0.1414916287045447,5.359122552747153,Inner race
0.29094639656682575,1.3969421157684632,2.501176127744511,2.373314489727143,0.14626013758946893,4.801372803555612,Inner race
0.2880594892432188,1.5907272255489022,2.8106150499002,2.653807750204381,0.11975437205153802,5.522217753450903,Inner race
0.28754706647544326,1.5907272255489022,2.8106150499002,2.5983287805956046,0.13774255285647138,5.532058612341126,Inner race
0.2910297187151822,1.3985664670658684,2.486556966067864,2.2238041012489758,0.1522671544107438,4.805579558129536,Inner race
0.28839639633077424,1.3136128942115768,2.368304191616766,2.1375188291449394,0.17458372369875333,4.5548866453412185,Inner race
0.2849188283315511,1.5332251896207585,2.7958334530938123,2.64749519012842,0.1429755064981839,5.381270162449891,Inner race
0.2903928480725241,1.5332251896207585,2.7958334530938123,2.6149761843996595,0.16619882118823687,5.279831097072486,Inner race
0.2909363327042791,1.3504856686626747,2.4158976846307385,2.3112383129339076,0.18778165834172617,4.641859805235703,Inner race
0.2901147629883441,1.4541192814371258,2.6579260279441117,2.357120199751746,0.04732079434702736,5.012220910300755,Inner race
0.28659100872571047,1.4541192814371258,2.6579260279441117,2.4921177099497536,0.0938687628157453,5.073848226790775,Inner race
0.2891858203306055,1.3763128542914171,2.4794098203592814,2.280203543768775,0.1924398223283122,4.759268115974624,Inner race
0.29651046213948584,1.401652734530938,2.515307984031936,2.1109576825528507,0.16830000404246123,4.727161141017567,Inner race
0.29269854953114954,1.401652734530938,2.5175820758483036,2.126860564518938,0.12966091085896073,4.788724565858401,Inner race
0.28797128938543926,1.322709261477046,2.4911051497005987,2.2165184355560585,0.17773968832216197,4.593198385505184,Inner race
0.28740372007920867,1.322709261477046,2.4911051497005987,2.1481427650222047,0.19569290246028784,4.602269104632697,Inner race
0.29073808400203865,1.3798864271457085,2.4465979241516966,2.1277874839128073,0.17117393164143793,4.74614955203472,Inner race
0.29287992408915586,1.4987889421157685,2.68554,2.32762359906257,0.1658774105751462,5.11741781816196,Inner race
0.29227802131066954,1.4987889421157685,2.68554,2.2806384260389647,0.164828021485058,5.127956373163854,Inner race
0.29108578654749784,1.4191957285429142,2.4683642315369263,1.9744418281548537,0.18237165286398813,4.8755239662357654,Inner race
0.2916992337676993,1.293633373253493,2.3428018762475054,1.8763365435311474,0.18914022695937777,4.434819236733768,Inner race
0.2937824941018289,1.4380382035928145,2.540160558882236,2.122427398865014,0.20277172097503907,4.89490773774414,Inner race
0.2956045972138194,1.5135705389221557,2.615692894211577,2.1272408226378854,0.18775786226038965,5.120253721315931,Inner race
0.298742350417523,1.5135705389221557,2.5789825548902194,1.8600458224614895,0.1796337236543297,5.066474628745425,Inner race
0.2960877919434927,1.4511954491017964,2.4738870259481036,1.933304094790599,0.1871739020498059,4.90123364957496,Inner race
0.2925542674584901,1.4511954491017964,2.4738870259481036,2.09023527981528,0.21488955995361553,4.960431654984159,Inner race
0.2909243528049047,1.4848195209580837,2.561114690618762,2.282882726807852,0.21034055376975974,5.103799343858336,Inner race
0.2910151070277763,1.4848195209580837,2.561114690618762,2.1744376824185974,0.18520629379620746,5.102207703658365,Inner race
0.29535659781845436,1.3577952495009982,2.495815768463074,2.071870075592358,0.25171934731092777,4.597138711408061,Inner race
0.2927449302977667,1.447297005988024,2.6104949700598805,2.272963002828032,0.21104067941502114,4.943884099088923,Inner race
0.29098051375125034,1.447297005988024,2.6104949700598805,2.354835356657576,0.1672697279928663,4.973862295209467,Inner race
0.2935031014819519,1.739030499001996,2.9608675449101796,2.4329640864358613,0.20992136231217967,5.925083892542554,Inner race
0.2951256775474913,1.739030499001996,2.9608675449101796,2.1567929295718633,0.19995963597302133,5.892508281398704,Inner race
0.29223588310995197,1.5996611576846307,2.7147783233532934,2.37103727328444,0.19685733947047948,5.473869740639509,Inner race
0.2901414475501782,1.5996611576846307,2.7147783233532934,2.6240850110455423,0.19369659266506953,5.513383803629019,Inner race
0.28768759604342664,1.5554788023952095,2.671245708582834,2.5500396727988752,0.19811394871165167,5.406833050113182,Inner race
0.2932933704461032,1.5554788023952095,2.671245708582834,2.4362038394866907,0.18658496598626914,5.303491176869444,Inner race
0.29683022290399624,1.6963100598802394,2.8547974051896206,2.4957095115392205,0.22583913603939812,5.714748462217329,Inner race
0.29086984436225144,1.6963100598802394,2.8547974051896206,2.548979676105229,0.21415332627842104,5.831852606101176,Inner race
0.28662024206166087,1.5666868263473055,2.7092555289421156,2.7392721587516906,0.1911360714171657,5.4660718136239055,Inner race
0.29072241886943684,1.5666868263473055,2.7178645908183636,3.018890667877594,0.20506102254368594,5.388943970815347,Inner race
0.29515948373900036,1.4970021556886228,2.6481799201596807,2.5995659492670278,0.2103932760865704,5.071841625161439,Inner race
0.2875003897480238,1.3802112974051897,2.5071862275449104,2.483642898364825,0.22671396511124572,4.800728439411366,Inner race
0.292875349368639,1.3802112974051897,2.5071862275449104,2.2736435979218728,0.20202468256248662,4.712623648185334,Inner race
0.2956240978803672,1.4474594411177644,2.5700486227544905,2.4173238450320964,0.20549202854225082,4.896283663937033,Inner race
0.28975623717130333,1.4474594411177644,2.5700486227544905,2.6973802234441395,0.20714339975726093,4.995438425237518,Inner race
0.28906373387650985,1.46792626746507,2.511409540918164,2.3432058788308687,0.19784237079981032,5.078209735200399,Inner race
0.29246510730446673,1.5018752095808383,2.872015528942116,2.4703971880576043,0.15240577728869542,5.135228689066597,Inner race
0.2955752162102149,1.5018752095808383,2.872015528942116,2.6821188926955966,0.17883141809343167,5.081194657784486,Inner race
0.28752219441190774,1.3992162075848302,2.52278,2.626314577506067,0.19132563283769374,4.866463301891389,Inner race
0.28517250281991735,1.275440638722555,2.3990044311377243,2.329690075785008,0.15918529528815245,4.4725232135300885,Inner race
0.28470325283708453,1.462078602794411,2.5505564071856286,2.5049146222849457,0.18592166313287622,5.13544748163118,Inner race
0.2864515087962616,1.5481692215568863,2.7873868263473054,2.9734099435566215,0.20630174744352417,5.404646769230392,Inner race
0.2930848037576659,1.5481692215568863,2.7873868263473054,2.797532461248573,0.18935060156158864,5.2823251212880145,Inner race
0.2931079304227107,1.4869311776447105,2.624139520958084,2.675126166696984,0.16910510306628782,5.072981735773259,Inner race
0.28992942045666087,1.4869311776447105,2.577845508982036,2.614254070154164,0.20829168081293092,5.128597074773167,Inner race
0.2948179972770385,1.3241711776447105,2.381299001996008,2.4658177891743325,0.19621880425001462,4.491486916927923,Inner race
0.29963723966081635,1.608432654690619,2.7714681836327344,2.858858130137821,0.18119199183362109,5.367933093067251,Inner race
0.28898039307794965,1.608432654690619,2.7714681836327344,2.902177407129818,0.19075783822588208,5.565888528142322,Inner race
0.2903483209989698,1.4723120159680638,2.6567889820359283,2.6756263943129213,0.1404728758688388,5.0708473563836725,Inner race
0.29275640975211836,1.4723120159680638,2.6567889820359283,2.3755601849783234,0.1272697948365334,5.029136739361896,Inner race
0.2901648991162369,1.4234190419161679,2.4543948103792417,2.0561063243785123,0.1864715925612212,4.905552140357135,Inner race
0.29183771590565727,1.344638003992016,2.5776830738522953,2.157395741030011,0.1957830032719843,4.607485361579169,Inner race
0.2933756987567429,1.4373884630738523,2.6704335329341315,2.438859757457479,0.18976125424918225,4.899480322211983,Inner race
0.2899344897696439,1.4373884630738523,2.690250618762475,2.7581811050620963,0.18499946875096118,4.957631857513306,Inner race
0.2924389674321048,1.3896325349301397,2.6424946906187623,2.549235341589318,0.18191309955845444,4.751871979074639,Inner race
0.13460156763398484,0.4817825948103792,0.9344893013972055,-0.10071732565131342,0.01186601657255057,3.5793238019371807,Ball
0.14088407703486236,0.5090716966067864,1.0036866666666666,0.07284128646938148,-0.008733351143826978,3.6134083235028363,Ball
0.1397956522489914,0.5090716966067864,1.0036866666666666,0.07560311741720627,-0.003104688891683624,3.641541696161436,Ball
0.12950297778785758,0.40608782435129737,0.8058406786427146,-0.25543272061759836,-0.00997857558303071,3.1357412106501608,Ball
0.13358742438040397,0.432239880239521,0.8474240718562874,-0.3991643116236929,-0.023219683851173394,3.2356330114477942,Ball
0.13912541826953756,0.5204421556886227,0.9502455089820359,-0.06443697515845281,-0.05525936275637497,3.7408128734630877,Ball
0.14004490330248723,0.5204421556886227,0.977209740518962,0.09429951181431928,-0.06693815073433608,3.7162520264268664,Ball
0.13958550735749836,0.48763025948103794,0.9177584830339321,-0.09321546902357492,-0.039256303145238904,3.49341610538512,Ball
0.14140714674831326,0.48763025948103794,0.9177584830339321,-0.1377851206639802,-0.04757919829380597,3.4484131155616753,Ball
0.1438567627696794,0.5258025149700598,1.0384477844311375,-0.025718678050974386,-0.036219045685491655,3.655042035193655,Ball
0.1439013159560478,0.5258025149700598,1.0384477844311375,0.11860690770491855,-0.028181135005817506,3.653910400170748,Ball
0.14166286605696915,0.475447624750499,0.9257178043912175,0.1767453274106816,-0.038491964577224126,3.356190919921807,Ball
0.13911413153784194,0.475447624750499,0.9073626347305389,-0.042684213228627144,-0.03988043211630015,3.4176802852064485,Ball
0.13896952393437317,0.40998626746506983,0.8196476646706587,-0.2888216613261547,-0.03371139658300802,2.9501883280443657,Ball
0.13423749823682116,0.4564427145708583,0.8664289820359281,0.002026976365841815,-0.07638658244694758,3.400262375015394,Ball
0.13089780602205997,0.46553908183632736,0.9296162475049901,0.11042592841945131,-0.06907341996161874,3.556507904783911,Ball
0.12872243152540352,0.46553908183632736,0.9296162475049901,-0.12096315803395008,-0.0010317197728274422,3.616611932508847,Ball
0.13534425291381422,0.436950499001996,0.8547336526946108,-0.07957324415997613,0.003703348151816086,3.2284377769645043,Ball
0.14151757489083613,0.5579646706586827,1.070122634730539,0.0351998932878268,-0.009595584160327469,3.9427235174789113,Ball
0.13522313998107058,0.5579646706586827,1.070122634730539,-0.016162120386769896,-0.012315199178339883,4.12625139999552,Ball
0.13356467172554212,0.4736608383233533,0.8716269061876247,-0.14262108048918165,0.01899743834523479,3.546303316618516,Ball
0.13349646002720023,0.4736608383233533,0.8716269061876247,-0.17779875619442054,0.038953305777664475,3.5481153449825094,Ball
0.13869180606258957,0.445721996007984,0.8714644710578843,-0.10420720256851634,0.01634146226362687,3.213758683096507,Ball
0.14085398886231407,0.445721996007984,0.8714644710578843,-0.06950731284734424,-0.004805479985592902,3.1644257972962406,Ball
0.13605572373573446,0.4819450299401198,0.8760126546906188,-0.20446005239619502,-0.03513277647479842,3.5422620725329983,Ball
0.14873528604144393,0.5157315369261477,0.9107737724550898,-0.2951162909056202,-0.019794991880347064,3.4674457598612016,Ball
0.14852987391047523,0.5157315369261477,0.9437481037924151,-0.16375330308818326,0.02807555689844147,3.4722411279834473,Ball
0.13813624583775802,0.5670610379241517,0.9997882235528942,0.09097523830737053,0.051462992613692825,4.105085051972304,Ball
0.14037153134418082,0.5670610379241517,0.9997882235528942,-0.01875183812273118,0.0295602256817127,4.039715407348226,Ball
0.138602052834258,0.42460542914171656,0.8326424750499002,-0.17708549113805727,-0.028403923866221623,3.063485860844102,Ball
0.13810243271487277,0.5193051097804391,0.9754229540918163,0.11850337918858855,0.0038264168954026995,3.760289370518186,Ball
0.143305850467327,0.5193051097804391,0.9754229540918163,0.05979496029231868,0.014069851729115877,3.623753727338843,Ball
0.14109001204994615,0.5920760479041917,1.0158693013972058,0.07870361428788142,0.005133815857231931,4.1964419685115315,Ball
0.13750044598831948,0.5920760479041917,1.0158693013972058,0.13476615514468637,0.058242885455050235,4.305993654409586,Ball
0.1352014138687464,0.4954271457085829,0.9578799600798403,0.1190712300556287,0.022728710647701975,3.6643636448176777,Ball
0.14002629393648366,0.4954271457085829,0.9578799600798403,-0.055455736797576094,-0.002669787694260446,3.538100822216362,Ball
0.1427358711969291,0.44929556886227545,0.856358003992016,-0.22999081726743587,0.007152173933699921,3.147741104563643,Ball
0.1360043227057861,0.4756100598802395,0.9279918962075848,0.038295106126252865,-0.01219813670777333,3.497021641798194,Ball
0.1357662148420748,0.4756100598802395,0.9279918962075848,0.027219141642850442,-0.002126705629148096,3.5031547460719588,Ball
0.13747080824825844,0.46423960079840315,0.8587945309381237,-0.1336349056001147,-0.0032318849850842143,3.377004956281578,Ball
0.14248127984154618,0.46423960079840315,0.9078499401197604,-0.2395230522677858,-0.047336576709975466,3.2582497947427567,Ball
0.1393112859164027,0.46423960079840315,0.9078499401197604,-0.12870931208382785,-0.05205386701478539,3.332390464595826,Ball
0.1395187348201296,0.46423960079840315,0.8695152495009979,-0.17813804331905736,0.01755209403722226,3.3274355691148596,Ball
0.1460879184040057,0.4419859880239521,0.8618807984031936,-0.3532303242003465,0.005043029600228811,3.025479402079241,Ball
0.13995233614674293,0.4419859880239521,0.8756877844311377,-0.22921681465735855,-0.028671231250008533,3.1581179721110235,Ball
0.1312100109588154,0.4337017964071856,0.8500230339321357,-0.06369633745619474,-0.021910781151880106,3.3054017238312494,Ball
0.1283546958430802,0.4423108582834331,0.8586320958083832,0.018733806536017195,-0.04081873892696068,3.446004490744767,Ball
0.13684067127475236,0.6070200798403194,1.0493309381237523,0.07816814054160703,-0.042628802486358024,4.435962453162249,Ball
0.14070881603491817,0.6070200798403194,1.0423462275449102,-0.09442032937894451,-0.036727142151970926,4.3140159724582,Ball
0.13535037142931863,0.46277768463073854,0.899565748502994,-0.10509822712908079,-0.04740326981336947,3.419109085137648,Ball
0.1347950739377463,0.5297009580838323,1.000925269461078,0.08927596289730477,-0.05347523051712843,3.9296759340661747,Ball
0.13860629139592903,0.5386348902195609,1.0683358483033931,0.35482931170388765,-0.06808064252326138,3.886078220511288,Ball
0.13896717014160873,0.5386348902195609,1.0563156487025949,0.14525048558997167,-0.029175676446105258,3.8759866065538167,Ball
0.14181966232807758,0.4479960878243513,0.8880328542914171,-0.2464175786470748,0.01895479302773885,3.158913795662427,Ball
0.14612370999340446,0.5495180439121756,1.0348742115768463,-0.06913642150511867,-0.0071574778862349645,3.7606357239148873,Ball
0.13944301996553063,0.5495180439121756,1.0348742115768463,0.04938533472322959,-0.03931379217487325,3.940807105640804,Ball
0.13637903131454207,0.4346764071856287,0.8519722554890219,-0.02653571074911909,-0.004840597368009191,3.1872671553378256,Ball
0.13816635518484185,0.42947848303393216,0.8483986826347305,0.08049579356065095,0.013913191810543103,3.1084158112108176,Ball
0.13675633291955772,0.43288962075848303,0.8464494610778444,0.04086984208214561,-0.02072334332383382,3.1654082229092504,Ball
0.13660543636026085,0.4644020359281437,0.877961876247505,-0.022284457783952494,0.01794385308118681,3.3995867829403634,Ball
0.13646066330446915,0.4644020359281437,0.8714644710578843,-0.14543506283000873,0.004296817877274933,3.4031934528412506,Ball
0.13423416101602106,0.4231435129740519,0.8367033532934132,-0.29741634887088786,-0.052032557509796455,3.1522788966032946,Ball
0.1355663551913864,0.4699248303393213,0.9388750499001997,-0.0599467894093233,-0.015776750977702748,3.4663824197080673,Ball
0.1350941225790601,0.4699248303393213,0.9388750499001997,-0.0776945260696893,0.010528530113040748,3.4784994444470434,Ball
0.13137762324500712,0.4405240718562874,0.8542463473053892,-0.23297737631246695,-0.036158593781281195,3.3531134220227954,Ball
0.13518515112303592,0.44848339321357283,0.8622056686626747,-0.14725296959297163,-0.031446512982153,3.3175492240667404,Ball
0.13297617486128857,0.44848339321357283,0.8815354491017964,-0.0675233056892579,-0.03326484091782868,3.372659754135651,Ball
0.1327673117306265,0.4650517764471058,0.8925810379241517,0.023436999829285377,-0.05156901919203551,3.5027580990014773,Ball
0.14257068358631364,0.5790812375249501,1.0493309381237526,-0.10848735246750962,-0.01566730881922825,4.0617132706274,Ball
0.13636639438004905,0.5790812375249501,1.0493309381237526,0.014842247843878997,-0.003141654950483851,4.24650985426122,Ball
0.13022861200730393,0.4598538522954092,0.9003779241516966,-0.03558994989944608,-0.0347298707704409,3.5311276470459356,Ball
0.1384059127600434,0.48535616766467066,0.925880239520958,-0.16551647924123714,0.010522278103827677,3.506758909253686,Ball
0.1344627376215165,0.48535616766467066,0.8977789620758483,-0.0653160684877303,0.04616377488449058,3.609596057986289,Ball
0.13134328756541971,0.4078746107784431,0.8118507784431138,-0.07094124136133662,0.03944164726691928,3.1054088742470998,Ball
0.1440228388562654,0.5105336127744511,0.9876055888223553,-0.1519293088545015,0.03446259775848466,3.5448100928212014,Ball
0.1441367943609933,0.5105336127744511,0.9876055888223553,-0.2165527861306784,0.01819177278858299,3.5420075424725352,Ball
0.1448647565978211,0.49136626746506984,0.908986986027944,-0.14322981467217355,-0.0052548133233633245,3.391896545473921,Ball
0.13775656391028826,0.470737005988024,0.8789364870259482,0.023167478136222996,0.005064407407612475,3.417165706126235,Ball
0.13442682267904196,0.5160564071856288,0.9824076646706588,0.32424566263415366,0.01214656490531151,3.838939260044606,Ball
0.14015854930788094,0.5160564071856288,0.9824076646706588,0.2406712136632092,0.04499045460629567,3.6819474069471667,Ball
0.13756549799257753,0.4661888223552894,0.9210071856287425,-0.034292749310617765,0.057266093982339485,3.3888498872038615,Ball
0.1349036298473858,0.4661888223552894,0.8950175648702595,-0.0981947309186606,0.013983259146848018,3.4557174101444192,Ball
0.14167347391096966,0.4523818363273453,0.8722766467065868,-0.127832317436972,0.02580234410159004,3.1931301170156297,Ball
0.14652133297138045,0.4523818363273453,0.8748756087824351,-0.16270135525166696,0.004364518417257867,3.087481031964865,Ball
0.14273626364823203,0.5391221956087824,1.0410467465069861,0.0122857665737377,-0.009212122479553124,3.7770513381058377,Ball
0.1358617365406593,0.5391221956087824,1.0410467465069861,0.1450129294150697,-0.004539542599436444,3.96816800179379,Ball
0.13482051681620386,0.44166111776447103,0.8284191616766468,-0.15800504352812927,-0.02234686449699245,3.2759191864437986,Ball
0.14107520844025356,0.46959996007984034,0.8750380439121757,-0.2090240247287447,-0.013469601767325371,3.3287206538398952,Ball
0.14143149593341056,0.47187405189620757,0.9346517365269461,-0.10964526222342652,-0.00484791994791775,3.336414203795013,Ball
0.14021570908991596,0.5236908582834332,0.9864685429141717,-0.03178868576730265,0.00997897968088304,3.734894340174157,Ball
0.14284883574745824,0.5313253093812376,1.0550161676646708,-0.06151854224858022,0.010529589504738987,3.7194934533492803,Ball
0.14086542039764444,0.5313253093812376,0.976884870259481,-0.17569492167492928,0.013540488348358429,3.7718647193993853,Ball
0.14026102382668065,0.4460468662674651,0.8581447904191617,-0.26831909281640876,0.026437324928203706,3.1801198515322504,Ball
0.1373755907037663,0.4460468662674651,0.8641548902195609,-0.17836651972783146,0.01592431426649159,3.2469150012924115,Ball
0.13410401519101736,0.4720364870259481,0.9400120958083833,0.02379268520011557,-0.03153160755298695,3.519928067430201,Ball
0.1385397465901463,0.4720364870259481,0.9400120958083833,-0.08138992476989193,-0.03368303659844315,3.407227879681439,Ball
0.14079083089368563,0.5576398003992016,1.1024472255489022,-0.07486336326186116,-0.012723702639811308,3.9607678771374544,Ball
0.14261294283588458,0.565923992015968,1.1235637924151696,0.28903169936698125,0.024371231406092292,3.968251273429083,Ball
0.1416210655848319,0.565923992015968,1.0480314570858282,0.281371122021838,0.056310120168891815,3.996043877222319,Ball
0.13842543004110686,0.4405240718562874,0.8805608383233532,0.03440550157678457,0.013929669824633154,3.1823926552040995,Ball
0.14142008241618653,0.49429009980039923,0.9585297005988024,0.028116308933592737,-0.02757219978384218,3.4951902965644446,Ball
0.14973873179712674,0.5582895409181636,1.0628130538922156,0.18360511221154097,-0.014071904743221253,3.7284243977340563,Ball
0.1507245474886011,0.5582895409181636,1.0628130538922156,0.11446466579485959,-0.013797888607634111,3.7040385937160343,Ball
0.14894973818882723,0.500462634730539,0.9393623552894212,-0.12370830426446178,-0.013354718419931843,3.35994303055498,Ball
0.14611046621510165,0.5313253093812376,0.9776970459081837,-0.01008350160224225,0.013031733109902754,3.636463034749532,Ball
0.14582963841069738,0.5313253093812376,0.9776970459081837,-0.06462945034356826,0.03779204399764942,3.643465863124996,Ball
0.14666745463805192,0.4900667864271457,0.9759102594810379,-0.08690184992659811,0.009948172750927149,3.3413465014207797,Ball
0.14057887044548378,0.4900667864271457,0.9759102594810379,0.10148749882903463,-0.010248172923457206,3.4860629116890838,Ball
0.13580721372554613,0.5191426746506986,0.9820827944111776,0.019728672972771477,-0.028366377483525308,3.8226443235912204,Ball
0.13636549812823517,0.5191426746506986,1.0030369261477046,-0.018115331391903577,-0.05878442493976714,3.806994304105486,Ball
0.13677957559172182,0.483894251497006,0.9047636726546906,0.14729918144253062,-0.03482891808604626,3.5377668734797,Ball
0.14182001675327388,0.45303157684630735,0.886083632734531,0.058920818254356355,-0.03936266758495754,3.1944120951166735,Ball
0.1374481422245654,0.45303157684630735,0.886083632734531,-0.12343003474892145,-0.03507862702004557,3.296018189217398,Ball
0.13978539576230695,0.4931530538922156,0.9776970459081836,-0.05062972903001883,-0.024725919476669966,3.527929732593668,Ball
0.146009613713724,0.4931530538922156,0.9776970459081836,0.08500583415777241,0.0007009827464515018,3.3775382411402286,Ball
0.14305357938636798,0.522391377245509,1.0067729341317366,0.1786017059556122,-0.030966539909568293,3.651718324604811,Ball
0.14412155178075742,0.522391377245509,0.9676260678642714,0.11442162773885256,-0.05041647864249724,3.6246582887213736,Ball
0.14856257689943764,0.6039338123752496,1.1337972055888224,0.30499457779832717,-0.0027553946462222025,4.065181319411643,Ball
0.671590084123132,3.547583233532934,6.520958283433133,4.672676085360448,0.13196905846307927,5.282363926151277,Outer race
0.6704479089652856,3.547583233532934,6.520958283433133,4.66561196250602,0.15103064766657281,5.291362962124802,Outer race
0.6883959933614409,3.325047105788423,6.407659780439122,4.7206012964992965,0.048514302781770755,4.830137214413759,Outer race
0.6989379708955701,3.325047105788423,6.476694710578842,4.517980359801868,0.022595807231067615,4.75728497269642,Outer race
0.6808161356213618,3.256012175648703,6.407659780439122,4.415370752593469,0.10750647557985801,4.782513229768022,Outer race
0.6745127807061619,3.4923552894211576,6.704916067864271,4.644420900992512,0.13606341969421556,5.177596910417228,Outer race
0.675990856396638,3.4923552894211576,6.704916067864271,4.838742661168088,0.051952672362205646,5.166275928696906,Outer race
0.6826723638110281,3.2093120758483034,6.305731736526946,4.732868088018988,0.034867931414650465,4.701101503409737,Outer race
0.6869761994609073,3.2093120758483034,6.241975948103793,4.344518884619552,0.04457473794561455,4.671649583154053,Outer race
0.6840821587802026,3.10494750499002,6.137611377245509,4.139756740110705,0.07350844137535588,4.538851752144069,Outer race
0.6620774087416107,3.132155389221557,6.209895009980039,4.441422588214376,0.06622567102845259,4.730799371594244,Outer race
0.6595317663119789,3.132155389221557,6.209895009980039,4.617043218697431,-0.02603232409113793,4.749059179872696,Outer race
0.6583411712740721,3.0988561876247505,6.105124351297405,4.599393769389178,-0.004370241570974244,4.707067281889127,Outer race
0.661555486532196,3.239362574850299,6.133956586826347,4.332220370524662,0.033748966012188304,4.896584853117455,Outer race
0.6665371530045914,3.239362574850299,6.120961776447105,4.223426660791796,0.061570180997585225,4.859988014543557,Outer race
0.6465705578970613,3.366874151696607,6.248473353293413,4.4146777505218155,0.09751427173376541,5.207280335571107,Outer race
0.6363783821580785,3.366874151696607,6.137205289421158,4.557048023690371,0.07351443940262845,5.2906796429490655,Outer race
0.6296248836517104,3.1666728542914173,5.888679540918163,4.569263556293164,0.08496338616299969,5.029459502815848,Outer race
0.6447093566092533,3.1666728542914173,5.888679540918163,4.452003253502255,0.09674850898147332,4.911783615094453,Outer race
0.6499417667844163,3.1646424151696606,5.884212574850299,4.143693669060224,0.07918467155002683,4.869116860771563,Outer race
0.6457284030373642,2.9896185628742518,5.757107085828343,4.311537985761954,0.05109395194730063,4.629839029554445,Outer race
0.6433609278151684,2.9896185628742518,5.757107085828343,4.636336134509785,0.023406203869875346,4.646876167980691,Outer race
0.6371467473845445,3.0623082834331337,5.942689221556886,4.700267573262402,0.02387031463887683,4.806284103314905,Outer race
0.6382783392562329,3.0623082834331337,5.942689221556886,4.644817391723756,0.02835525773069652,4.797763131052751,Outer race
0.6489976055679385,3.3295140718562872,6.511212175648702,4.693818007083092,0.005069159987718615,5.130240918135015,Outer race
0.6673583511031528,3.3295140718562872,6.511212175648702,4.669574204811914,0.02003883849028349,4.9890947889579165,Outer race
0.6547184837575765,3.3144888223552895,6.419436327345309,5.008926295162603,0.08662469909284239,5.062464104163813,Outer race
0.6564505564538976,3.3144888223552895,6.2265446107784435,4.87453377200356,0.11348714186055567,5.0491065774396455,Outer race
0.6645409079278944,3.248702594810379,6.136799201596807,4.86177841406429,0.08508107665118379,4.8886420024015695,Outer race
0.6869540647486192,3.1427136726546907,6.199336726546907,4.574253275541987,0.06474153013540536,4.574852721491241,Outer race
0.6836665948394228,3.283626147704591,6.503496506986028,4.609822825190989,0.05033344333576145,4.802964153127648,Outer race
0.6907465032305418,3.283626147704591,6.510400000000001,4.787960278225269,0.04773686888411973,4.7537354620652446,Outer race
0.6905752929414614,3.2267738522954095,6.334157884231537,4.741236627737431,0.05259528785478136,4.672588036781873,Outer race
0.6893879128169855,3.1073840319361277,6.1692862275449105,4.43306317462912,0.02401849834495664,4.507453603644857,Outer race
0.6984587752265806,3.4253507984031937,6.409690219560878,4.568226358801513,0.04516704835172005,4.904156007334874,Outer race
0.6923691283485888,3.4253507984031937,6.559942714570859,4.722535273247581,0.07293766628622343,4.947289903830929,Outer race
0.6979299023667727,3.2328651696606787,6.3674570858283435,4.348207565519776,0.05494963468209139,4.632077173792963,Outer race
0.6883786605834742,3.2426112774451097,6.255782934131736,4.607650161012459,0.05466531104893677,4.71050522498279,Outer race
0.6934595207834942,3.2600730538922154,6.497405189620759,4.665047042350335,0.039092467518135804,4.701172824347229,Outer race
0.6965296048623375,3.2600730538922154,6.497405189620759,4.798098164731341,0.01311254876571995,4.680451528742325,Outer race
0.703793876281691,3.206063373253493,6.393852794411178,4.543744204357015,-0.0178735341545704,4.5554010645728855,Outer race
0.7097620780811705,3.347788023952096,6.53557744510978,4.3610845917414025,0.026924806259336312,4.716774997338239,Outer race
0.6905937260646248,3.347788023952096,6.4182180638722555,4.599555354833336,0.09298670798472361,4.847695392527813,Outer race
0.6921851310869525,3.4635230538922155,6.545323552894212,4.731079436942691,0.01999412686102594,5.003752462081025,Outer race
0.6859922653777667,3.4635230538922155,6.545323552894212,4.706333616098097,0.01207836265936593,5.048924351916563,Outer race
0.6967433393030068,3.211748602794411,6.184311477045908,4.4344754641356054,0.07904448071899167,4.609658136104051,Outer race
0.69901685226551,3.211748602794411,6.245630738522953,4.221893402775109,0.0714011611346905,4.594665482506109,Outer race
0.6784577637921434,3.2353016966067867,6.2691838323353295,4.375457539456019,0.0591311309664704,4.7686117976210145,Outer race
0.6634576398483617,3.2353016966067867,6.222889820359281,4.739876329567582,0.06390047057902501,4.876425414810567,Outer race
0.6589989116445829,3.3006818363273456,6.231011576846308,4.792979249609447,0.0883897536490397,5.008630178296103,Outer race
0.6656638098002036,3.3006818363273456,6.367863173652696,4.634355778195725,0.1405775456662889,4.958481725659733,Outer race
0.6737023387770973,3.1577389221556884,6.204615868263472,4.200273181271582,0.08704090600190154,4.687142585681991,Outer race
0.674875610567059,3.1577389221556884,6.214768063872255,4.276815325656743,0.060214407602933284,4.678993984539495,Outer race
0.6508326591803651,3.241799101796407,6.261062075848303,4.694441762062016,0.08196308773721041,4.981002498981859,Outer race
0.6470736397474831,3.241799101796407,6.261062075848303,4.553122981277397,0.04586268991090155,5.00993844079555,Outer race
0.6523152418868112,3.2015964071856287,6.0003536926147705,4.461728573585984,0.06116588113819874,4.9080508956452755,Outer race
0.6647044587869994,3.2015964071856287,6.213143712574849,4.285914931736086,0.048375930585625525,4.816571281962111,Outer race
0.6615410431380354,3.061496107784431,6.073043413173652,4.10177667637655,0.035490666968078344,4.6278248939206446,Outer race
0.6541810315312455,3.278347005988024,6.284615169660679,4.197244296928861,0.06787911132412063,5.011375824080954,Outer race
0.645499845015961,3.278347005988024,6.284615169660679,4.586030011130694,0.053374472875926476,5.078772723651021,Outer race
0.643512893637297,3.466771756487026,6.524613073852295,4.607122477520336,0.051532294191524525,5.387260753847461,Outer race
0.6543914513393378,3.466771756487026,6.609485429141717,4.623958817221869,0.041057971327926775,5.297703307999534,Outer race
0.6490868147839068,3.3270775449101797,6.46979121756487,4.662214923318811,0.08862444731862877,5.1257820512312,Outer race
0.6521630472764455,3.3307323353293414,6.410502395209582,4.637903090055706,0.11383378751925605,5.107208004561284,Outer race
0.6482062614057861,3.3307323353293414,6.410502395209582,4.9416827034767286,0.018754005834425182,5.138383464710559,Outer race
0.6466668690433945,3.2020024950099804,6.180656686626747,4.799296110065015,-0.0006067709739595961,4.951548700409933,Outer race
0.6425096385636275,3.1573328343313376,6.2659351297405195,4.854219325963086,-0.017674080351955373,4.914062988050674,Outer race
0.6648188965037283,3.3408845309381237,6.498217365269461,4.481612465026985,0.034164121908932324,5.025255070979151,Outer race
0.667766445847229,3.3408845309381237,6.365426646706586,4.2479804635615235,0.05792141044792603,5.003073382489854,Outer race
0.660874627553274,3.3238288423153692,6.521364371257485,4.724675753688768,0.013517342287502893,5.029439327427396,Outer race
0.6580939934741573,3.1975355289421157,6.2740568862275445,4.808999668706541,0.0735701193381201,4.8587824241670114,Outer race
0.6542162176381691,3.1999720558882236,6.223295908183633,4.916917559997798,0.10461306610737844,4.891306527741949,Outer race
0.6730943290305571,3.4087011976047905,6.692733433133732,5.114935168893197,0.02436182339601535,5.064225102764226,Outer race
0.6749676341456107,3.4087011976047905,6.692733433133732,4.722249877510197,0.04063901309058849,5.0501698528398355,Outer race
0.6848497043190974,3.093983133732535,6.1002512974051895,4.165898091129898,0.11780947253455148,4.5177549383754005,Outer race
0.6765338067915051,3.5041318363273453,6.562379241516966,4.816224640275176,0.11627228472535046,5.179536929493388,Outer race
0.680135813585149,3.5041318363273453,6.67933253493014,5.283672977236927,0.07442391153112272,5.152106044609352,Outer race
0.6902758483837899,3.3376358283433136,6.512836526946108,4.854851137180944,0.036095831001145495,4.835220348731664,Outer race
0.6940223937859505,3.3595645708582835,6.375984930139721,4.456718536507977,0.07029447273688201,4.840714940812754,Outer race
0.7015708565175227,3.630425149700599,6.756895309381237,4.5579308456903025,0.11738759551037253,5.1747091772332245,Outer race
0.6839205159425984,3.630425149700599,6.756895309381237,4.910976039113346,0.09055964758445571,5.308255952370496,Outer race
0.6896056894455351,3.3043366267465073,6.550196606786427,5.094667669080664,0.08612899119541326,4.791631909828498,Outer race
0.6907350046093674,3.301900099800399,6.5477600798403195,5.004992706219317,0.07382953829779525,4.780270404375594,Outer race
0.7095922683483081,3.430223852295409,6.666743812375249,4.535466543035576,0.019328293856787287,4.8340772656384985,Outer race
0.7148042964872742,3.430223852295409,6.666743812375249,4.274123750728942,0.03828301451641582,4.798829370713608,Outer race
0.6962695216645088,3.2641339321357283,6.317102195608783,4.452186331162921,0.0502566627179865,4.688032192379263,Outer race
0.683812801434022,3.278347005988024,6.3313152694610775,4.778176161329185,0.042117956153165596,4.794217070977629,Outer race
0.6818190098137931,3.346163672654691,6.402786726546907,4.8517149613946415,0.04285297801681123,4.907700760013333,Outer race
0.6918926958097364,3.346163672654691,6.437710279441118,4.604722777619629,-0.008054111241842086,4.83624656383835,Outer race
0.679804536453283,3.1386527944111773,6.261874251497005,4.410752914887172,0.0012910011224172646,4.616993012118373,Outer race
0.6769307564249615,3.1386527944111773,6.261874251497005,4.268459468974786,0.04606757128849206,4.63659357271219,Outer race
0.6680602819568325,3.0639326347305387,5.866344710578842,4.369208292860699,0.02804967900212391,4.586311621094874,Outer race
0.6655370769573957,3.2214947105788423,6.023906786427146,4.660765836989245,0.014725788294266755,4.840443638852394,Outer race
0.665142374529905,3.2214947105788423,6.107966966067864,4.786688139655229,-0.010684853193579699,4.843316008629974,Outer race
0.6698897538562383,3.192256387225549,6.15669750499002,4.507082636193122,0.006983663144583055,4.765345892886463,Outer race
0.6625988019002174,3.192256387225549,6.245224650698603,4.447161718982059,0.08613889657389175,4.817781707529075,Outer race
0.6498629634509926,3.052968263473054,6.070606886227544,4.540251433597468,0.07627944470789183,4.697864680979444,Outer race
0.6421809698367821,3.143525848303393,5.95324750499002,4.718733525660371,-0.009040828710341961,4.89507786115549,Outer race
0.641337048483395,3.227586027944112,6.358117065868264,4.794159703529074,0.034570986153349505,5.032589393637187,Outer race
0.6485610377469194,3.227586027944112,6.358117065868264,4.707754468501678,0.1482231132479424,4.976533957631257,Outer race
0.6427562014756237,3.016014271457086,5.995074550898204,4.750586521172815,0.10420341848784384,4.6923145424859305,Outer race
0.6433447245297093,3.383117664670659,6.458014670658683,4.8728183943947405,-0.031104309706996385,5.258639009037881,Outer race
0.6373719994219161,3.383117664670659,6.5262374251497,5.120374461640845,-0.015401072502441661,5.307916989982428,Outer race
0.637651926430602,3.278347005988024,6.421466766467066,4.727026466121505,0.08138652176354931,5.141279858337915,Outer race
0.6469735033323357,3.379462874251497,6.174565369261478,4.785191757993239,0.10718909452867045,5.223495022354174,Outer race
0.6623340755337309,3.379462874251497,6.5903993013972055,4.799873268934601,0.08834613979253877,5.102353931478179,Outer race
0.6518126648712368,3.2109364271457084,6.405629341317365,4.595878588065901,0.08570447752622541,4.92616452578444,Outer race
0.6458313433378159,3.2405808383233534,6.069794710578842,4.679259280099025,0.06452690238048431,5.017689017035363,Outer race
0.6476929834013203,3.4058585828343313,6.450705089820359,4.929581286326084,0.05284248448699712,5.258446007780835,Outer race
0.6522524603115826,3.4058585828343313,6.450705089820359,4.809160878132096,0.12518900766256114,5.22168759809253,Outer race
0.6782851298686096,3.1451501996007987,6.063703393213574,4.432633000040268,0.10805646399896134,4.636914567491764,Outer race
0.6689565989898547,3.3230166666666667,6.353650099800399,4.7317514152677775,0.02435138839748153,4.967462271370856,Outer race
0.6641899653010638,3.35225499001996,6.471821656686627,4.999503387586427,0.047806577241378385,5.047132846248966,Outer race
0.6549812897340758,3.35225499001996,6.471821656686627,4.885161034149684,0.08870403536975598,5.1180927494600414,Outer race
0.6618819391008977,3.372559381237525,6.443395508982036,4.942604292860183,0.10012761077635225,5.095409289787873,Outer race
0.6897733593430558,3.372559381237525,6.448674650698603,4.993385376131136,0.05611872897566005,4.889373205786854,Outer race
0.6873789393518573,3.275098303393214,6.477506886227545,4.608154218824068,0.00728099183699818,4.764618343531686,Outer race
0.6860974570960768,3.2450478043912176,6.447456387225548,4.4379978114769605,0.07147984071838283,4.72971845446849,Outer race
