direction,features,model,accuracy,macro_f1
0.007 -> 0.014,time,RandomForest,0.63,0.530538967272476
0.007 -> 0.014,time,SVM,0.289375,0.1756786886415525
0.007 -> 0.014,envelope,RandomForest,0.289375,0.18341530685597007
0.007 -> 0.014,envelope,SVM,0.28875,0.18088978015448604
0.007 -> 0.014,time+envelope,RandomForest,0.640625,0.5425521703194973
0.007 -> 0.014,time+envelope,SVM,0.328125,0.21264446493933192
0.014 -> 0.007,time,RandomForest,0.293125,0.27726031496652076
0.014 -> 0.007,time,SVM,0.5,0.375
0.014 -> 0.007,envelope,RandomForest,0.711875,0.6858407967733364
0.014 -> 0.007,envelope,SVM,0.384375,0.4093248863997977
0.014 -> 0.007,time+envelope,RandomForest,0.5025,0.45331125827814567
0.014 -> 0.007,time+envelope,SVM,0.28625,0.2739379655955652
