direction,features,model,seed,accuracy,macro_f1
0.007 -> 0.014,time,RandomForest,0,0.628125,0.5292441208253891
0.007 -> 0.014,time,SVM,0,0.29375,0.18351878504444918
0.007 -> 0.014,envelope,RandomForest,0,0.2703125,0.16564358105393936
0.007 -> 0.014,envelope,SVM,0,0.2765625,0.1697283112071627
0.007 -> 0.014,time+envelope,RandomForest,0,0.67421875,0.5833670328353027
0.007 -> 0.014,time+envelope,SVM,0,0.35703125,0.2423912097912861
0.007 -> 0.014,time,RandomForest,1,0.63125,0.5326403653831011
0.007 -> 0.014,time,SVM,1,0.29296875,0.1825116085122022
0.007 -> 0.014,envelope,RandomForest,1,0.27734375,0.1718452686103935
0.007 -> 0.014,envelope,SVM,1,0.2796875,0.1710146898307616
0.007 -> 0.014,time+envelope,RandomForest,1,0.578125,0.48369423198103995
0.007 -> 0.014,time+envelope,SVM,1,0.38125,0.2610690838047207
0.007 -> 0.014,time,RandomForest,2,0.634375,0.5351951777205222
0.007 -> 0.014,time,SVM,2,0.290625,0.17877151951043663
0.007 -> 0.014,envelope,RandomForest,2,0.28515625,0.18293820041071204
0.007 -> 0.014,envelope,SVM,2,0.275,0.17263766303653952
0.007 -> 0.014,time+envelope,RandomForest,2,0.634375,0.5351951777205222
0.007 -> 0.014,time+envelope,SVM,2,0.3453125,0.23041982293182467
0.007 -> 0.014,time,RandomForest,3,0.63515625,0.5368349815869328
0.007 -> 0.014,time,SVM,3,0.2953125,0.1853196335124046
0.007 -> 0.014,envelope,RandomForest,3,0.278125,0.17418237607612913
0.007 -> 0.014,envelope,SVM,3,0.26953125,0.1690350879341296
0.007 -> 0.014,time+envelope,RandomForest,3,0.615625,0.529710887891666
0.007 -> 0.014,time+envelope,SVM,3,0.3453125,0.22598810348584303
0.007 -> 0.014,time,RandomForest,4,0.628125,0.5290081855188501
0.007 -> 0.014,time,SVM,4,0.2890625,0.17616071366150016
0.007 -> 0.014,envelope,RandomForest,4,0.28046875,0.17498774682871313
0.007 -> 0.014,envelope,SVM,4,0.28515625,0.1791812981169666
0.007 -> 0.014,time+envelope,RandomForest,4,0.64296875,0.5559542357254023
0.007 -> 0.014,time+envelope,SVM,4,0.34765625,0.2275261971700086
0.007 -> 0.014,time,RandomForest,5,0.625,0.5243519073903469
0.007 -> 0.014,time,SVM,5,0.2921875,0.18089876836740937
0.007 -> 0.014,envelope,RandomForest,5,0.28515625,0.17588837133126844
0.007 -> 0.014,envelope,SVM,5,0.28515625,0.173828125
0.007 -> 0.014,time+envelope,RandomForest,5,0.49296875,0.33465713969203503
0.007 -> 0.014,time+envelope,SVM,5,0.34140625,0.22632464370708755
0.007 -> 0.014,time,RandomForest,6,0.63359375,0.5350497932646274
0.007 -> 0.014,time,SVM,6,0.296875,0.18796268170969843
0.007 -> 0.014,envelope,RandomForest,6,0.265625,0.16250434222579033
0.007 -> 0.014,envelope,SVM,6,0.265625,0.15942545109211775
0.007 -> 0.014,time+envelope,RandomForest,6,0.6390625,0.540983866202662
0.007 -> 0.014,time+envelope,SVM,6,0.321875,0.20151915393401
0.007 -> 0.014,time,RandomForest,7,0.63046875,0.5304159985153839
0.007 -> 0.014,time,SVM,7,0.296875,0.18788502444818916
0.007 -> 0.014,envelope,RandomForest,7,0.2890625,0.18469649635567142
0.007 -> 0.014,envelope,SVM,7,0.28828125,0.18287933004167753
0.007 -> 0.014,time+envelope,RandomForest,7,0.63828125,0.5396148571365362
0.007 -> 0.014,time+envelope,SVM,7,0.34765625,0.22937835436849824
0.007 -> 0.014,time,RandomForest,8,0.62890625,0.5294444531642531
0.007 -> 0.014,time,SVM,8,0.29140625,0.18005309384619728
0.007 -> 0.014,envelope,RandomForest,8,0.275,0.17246202146838555
0.007 -> 0.014,envelope,SVM,8,0.27578125,0.17007528107555625
0.007 -> 0.014,time+envelope,RandomForest,8,0.58828125,0.49475172866075445
0.007 -> 0.014,time+envelope,SVM,8,0.3328125,0.21412960698502598
0.007 -> 0.014,time,RandomForest,9,0.6390625,0.5402191121290105
0.007 -> 0.014,time,SVM,9,0.29140625,0.17880983674598783
0.007 -> 0.014,envelope,RandomForest,9,0.28046875,0.17348633991759305
0.007 -> 0.014,envelope,SVM,9,0.29375,0.18712397560570565
0.007 -> 0.014,time+envelope,RandomForest,9,0.6421875,0.5451814919610408
0.007 -> 0.014,time+envelope,SVM,9,0.3515625,0.23154698074271657
0.014 -> 0.007,time,RandomForest,0,0.29765625,0.2798726738491675
0.014 -> 0.007,time,SVM,0,0.5,0.375
0.014 -> 0.007,envelope,RandomForest,0,0.72109375,0.6982273740090376
0.014 -> 0.007,envelope,SVM,0,0.30546875,0.3376129040990235
0.014 -> 0.007,time+envelope,RandomForest,0,0.4984375,0.450474162575659
0.014 -> 0.007,time+envelope,SVM,0,0.3265625,0.29631379962192816
0.014 -> 0.007,time,RandomForest,1,0.27421875,0.2656407669021191
0.014 -> 0.007,time,SVM,1,0.4796875,0.3672248803827751
0.014 -> 0.007,envelope,RandomForest,1,0.71796875,0.6941929871922757
0.014 -> 0.007,envelope,SVM,1,0.38203125,0.41239470706334336
0.014 -> 0.007,time+envelope,RandomForest,1,0.5,0.45151133501259444
0.014 -> 0.007,time+envelope,SVM,1,0.33671875,0.3053481882004099
0.014 -> 0.007,time,RandomForest,2,0.2484375,0.24946286964334544
0.014 -> 0.007,time,SVM,2,0.5,0.375
0.014 -> 0.007,envelope,RandomForest,2,0.70546875,0.6836228560633164
0.014 -> 0.007,envelope,SVM,2,0.59375,0.5832193398747372
0.014 -> 0.007,time+envelope,RandomForest,2,0.5,0.4525316455696202
0.014 -> 0.007,time+envelope,SVM,2,0.28984375,0.27522255192878337
0.014 -> 0.007,time,RandomForest,3,0.275,0.26628457403280836
0.014 -> 0.007,time,SVM,3,0.5,0.375
0.014 -> 0.007,envelope,RandomForest,3,0.68515625,0.6552605010829584
0.014 -> 0.007,envelope,SVM,3,0.3515625,0.4021471314326194
0.014 -> 0.007,time+envelope,RandomForest,3,0.49765625,0.4509573379074695
0.014 -> 0.007,time+envelope,SVM,3,0.29453125,0.2813501943023031
0.014 -> 0.007,time,RandomForest,4,0.2484375,0.24921630094043887
0.014 -> 0.007,time,SVM,4,0.5,0.375
0.014 -> 0.007,envelope,RandomForest,4,0.7140625,0.6881765203688095
0.014 -> 0.007,envelope,SVM,4,0.33828125,0.34291140730053415
0.014 -> 0.007,time+envelope,RandomForest,4,0.49921875,0.4595825169741106
0.014 -> 0.007,time+envelope,SVM,4,0.33515625,0.3009822263797942
0.014 -> 0.007,time,RandomForest,5,0.25390625,0.25259067357512954
0.014 -> 0.007,time,SVM,5,0.47265625,0.3644578313253012
0.014 -> 0.007,envelope,RandomForest,5,0.72265625,0.6963361483501898
0.014 -> 0.007,envelope,SVM,5,0.31640625,0.3573031699365429
0.014 -> 0.007,time+envelope,RandomForest,5,0.503125,0.46437275598425143
0.014 -> 0.007,time+envelope,SVM,5,0.27734375,0.2675879396984925
0.014 -> 0.007,time,RandomForest,6,0.24921875,0.2497355117400235
0.014 -> 0.007,time,SVM,6,0.45546875,0.35752248569092393
0.014 -> 0.007,envelope,RandomForest,6,0.6953125,0.6603351057576314
0.014 -> 0.007,envelope,SVM,6,0.3546875,0.39795634528411855
0.014 -> 0.007,time+envelope,RandomForest,6,0.5,0.45704656989038217
0.014 -> 0.007,time+envelope,SVM,6,0.29140625,0.27947017933290497
0.014 -> 0.007,time,RandomForest,7,0.290625,0.2758786533481317
0.014 -> 0.007,time,SVM,7,0.5,0.375
0.014 -> 0.007,envelope,RandomForest,7,0.7078125,0.6849864275078706
0.014 -> 0.007,envelope,SVM,7,0.39921875,0.44308265556680815
0.014 -> 0.007,time+envelope,RandomForest,7,0.4984375,0.45785589847748853
0.014 -> 0.007,time+envelope,SVM,7,0.28515625,0.27673452456133835
0.014 -> 0.007,time,RandomForest,8,0.25390625,0.25259067357512954
0.014 -> 0.007,time,SVM,8,0.5,0.375
0.014 -> 0.007,envelope,RandomForest,8,0.70390625,0.677589699104227
0.014 -> 0.007,envelope,SVM,8,0.321875,0.3449409026426285
0.014 -> 0.007,time+envelope,RandomForest,8,0.5078125,0.4691862243565671
0.014 -> 0.007,time+envelope,SVM,8,0.278125,0.2680722891566265
0.014 -> 0.007,time,RandomForest,9,0.25859375,0.25566426364572603
0.014 -> 0.007,time,SVM,9,0.5,0.375
0.014 -> 0.007,envelope,RandomForest,9,0.7109375,0.6855615734124406
0.014 -> 0.007,envelope,SVM,9,0.34375,0.3860626493324003
0.014 -> 0.007,time+envelope,RandomForest,9,0.5015625,0.4520746887966805
0.014 -> 0.007,time+envelope,SVM,9,0.3296875,0.2991991418327162
