,,,accuracy,accuracy,macro_f1,macro_f1
,,,mean,std,mean,std
direction,features,model,,,,
0.007 -> 0.014,envelope,RandomForest,0.279,0.007,0.174,0.007
0.007 -> 0.014,envelope,SVM,0.279,0.009,0.173,0.008
0.007 -> 0.014,time,RandomForest,0.631,0.004,0.532,0.005
0.007 -> 0.014,time,SVM,0.293,0.003,0.182,0.004
0.007 -> 0.014,time+envelope,RandomForest,0.615,0.051,0.514,0.069
0.007 -> 0.014,time+envelope,SVM,0.347,0.016,0.229,0.016
0.014 -> 0.007,envelope,RandomForest,0.708,0.012,0.682,0.014
0.014 -> 0.007,envelope,SVM,0.371,0.083,0.401,0.073
0.014 -> 0.007,time,RandomForest,0.265,0.018,0.26,0.011
0.014 -> 0.007,time,SVM,0.491,0.016,0.371,0.006
0.014 -> 0.007,time+envelope,RandomForest,0.501,0.003,0.457,0.006
0.014 -> 0.007,time+envelope,SVM,0.304,0.024,0.285,0.014
